<?xml version="1.0" encoding="UTF-8"?>
<!--
  Copyright 2010-2012 the original author or authors.

  Licensed under the Apache License, Version 2.0 (the "License");
  you may not use this file except in compliance with the License.
  You may obtain a copy of the License at

  http://www.apache.org/licenses/LICENSE-2.0

  Unless required by applicable law or agreed to in writing, software
  distributed under the License is distributed on an "AS IS" BASIS,
  WITHOUT WARRANTIES OR CONDITIONS OF ANY KIND, either express or implied.
  See the License for the specific language governing permissions and
  limitations under the License.
-->

<!-- version: $Id$ -->

<document xmlns="http://maven.apache.org/XDOC/2.0" xmlns:xsi="http://www.w3.org/2001/XMLSchema-instance"
      xsi:schemaLocation="http://maven.apache.org/XDOC/2.0 http://maven.apache.org/xsd/xdoc-2.0.xsd">

  <properties>
    <title>MyBatis 3 | Ficheros XML de mapeo</title>
    <author email="clinton.begin@gmail.com">Clinton Begin</author>
    <author email="eduardo.macarron@gmail.com">Eduardo Macarron</author>
  </properties>

  <body>
    <section name="Ficheros XML de mapeo">
      <p>La potencia de MyBatis reside en los Mapped Statements. Aquí es donde está la magia. Para lo potentes que son, los ficheros XML de mapeo son relativamente simples. Sin duda, si los comparas con el código JDBC equivalente comprobarás que ahorras el 95% del código. 
      </p>
      <p>Los ficheros XML de mapeos SQL solo tienen unos pocos elementos de alto nivel (en el orden en el que deberían definirse):
      </p>
      <ul>
        <li>
          <code>cache</code>
          – Configuración de la caché para un namespace.
        </li>
        <li>
          <code>cache-ref</code>
          – Referencia a la caché de otro namespace.
        </li>
        <li>
          <code>resultMap</code>
          – El elemento más complejo y potente que describe como cargar tus objetos a partir de los ResultSets. 
        </li>
        <li>
          <strike>
            <code>parameterMap</code>
            – Deprecada!  Antigua forma de mapear parámetros. Se recomienda el uso de parámetros en línea. Este elemento puede ser eliminado en futuras versiones. No se ha documentado en este manual. 
          </strike>
        </li>
        <li>
          <code>sql</code>
          – Un trozo de SQL reusable que puede utilizarse en otras sentencias.
        </li>
        <li>
          <code>insert</code>
          – Una sentencia INSERT.
        </li>
        <li>
          <code>update</code>
          – A Una sentencia UPDATE.
        </li>
        <li>
          <code>delete</code>
          – Una sentencia DELETE.
        </li>
        <li>
          <code>select</code>
          – Una sentencia SELECT.
        </li>
      </ul>
      <p>Las siguientes secciones describen estos elementos en detalle, comenzando con los propios elementos.
      </p>

      <subsection name="select">
        <p>El select statement es uno de los elementos que más utilizarás en MyBatis. No es demasiado útil almacenar datos en la base de datos si no puedes leerlos, de hecho las aplicaciones suelen leer bastantes más datos de los que modifican. Por cada insert, update o delete posiblemente haya varias selects. Este es uno de los principios básicos de MyBatis y la razón por la que se ha puesto tanto esfuerzo en las consultas y el mapeo de resultados. El select statement es bastante simple para los casos simples. Por ejemplo:
        </p>

        <source><![CDATA[<select id="selectPerson" parameterType="int" resultType="hashmap">
  SELECT * FROM PERSON WHERE ID = #{id}
</select>]]></source>

        <p>Esta sentencia se llama “selectPerson”, recibe un parámetro de tipo in (o Integer), y devuelve una HashMap usando los nombres de columna como clave y los valores del registro como valores.
        </p>

        <p>
          Observa la notación utilizada para los parámetros:
        </p>

        <source><![CDATA[#{id}]]></source>

        <p>Esto le indica a MyBatis que cree un parámetro de PreparedStatement. Con JDBC, ese parámetro iría identificado con una “?” en la select que se le pasa al PreparedStatement, algo así:
        </p>

        <source><![CDATA[// Código JDBC similar, NO MyBatis…
String selectPerson = "SELECT * FROM PERSON WHERE ID=?";
PreparedStatement ps = conn.prepareStatement(selectPerson);
ps.setInt(1,id);]]></source>

        <p>JDBC requiere mucho más código para extraer los resultados y mapearlos a una instancia de un objetos, que es precisamente lo que MyBatis evita que tengas que hacer. Aun queda mucho por conocer sobre los parámetros y el mapeo de resultados. Todos sus detalles merecen su propio capítulo, y serán tratados más adelante.
        </p>

        <p>El select statement tiene más atributos que te permiten configurar como debe comportarse cada select statement.</p>

        <source><![CDATA[<select
  id="selectPerson"
  parameterType="int"
  parameterMap="deprecated"
  resultType="hashmap"
  resultMap="personResultMap"
  flushCache="false"
  useCache="true"
  timeout="10000"
  fetchSize="256"
  statementType="PREPARED"
  resultSetType="FORWARD_ONLY">]]></source>

        <table>
          <caption>Atributos de Select</caption>
          <thead>
            <tr>
              <th>Atributo</th>
              <th>Descripción</th>
            </tr>
          </thead>
          <tbody>
            <tr>
              <td><code>id</code></td>
              <td>Un identificador único dentro del namespace que se utiliza para identificar el statement.</td>
            </tr>
            <tr>
              <td><code>parameterType</code></td>
              <td>El nombre completamente cualificado de la clase o el alias del parámetro que se pasará al statement.</td>
            </tr>
            <tr>
              <td>
                <strike>parameterMap</strike>
              </td>
              <td>
                <strike>Este es un atributo obsoleto que permite referenciar a un elemento parameterMap externo. Se recomienda utilizar mapeos en línea (in-line) y el atributo parameterType.
                </strike>
              </td>
            </tr>
            <tr>
              <td><code>resultType</code></td>
              <td>El nombre completamente cualificado o el alias del tipo de retorno de este statement. Ten en cuenta que en el caso de las colecciones el parámetro debe ser el tipo contenido en la colección, no el propio tipo de la colección. Puedes utilizar resultType o resultMap, pero no ambos.
              </td>
          </tr>
            <tr>
              <td><code>resultMap</code></td>
              <td>Una referencia una un resultMap externo. Los resultMaps son la característica más potente de MyBatis, con un conocimiento detallado de los mismos, se pueden resolver muchos casos complejos de mapeos. Puedes utilizar resultMap O resultType, pero no ambos.
              </td>
            </tr>
            <tr>
              <td><code>flushCache</code></td>
              <td>Informar esta propiedad a true hará que la cache local y la de segundo nivel se vacíen cada vez que se llame a este statement. Por defecto es false para select statements.
              </td>
            </tr>
            <tr>
              <td><code>useCache</code></td>
              <td>Informar esta propiedad a true hará que los resultados de la ejecución de este statement se cacheen en la caché de segundo nivel. Por defecto es true para las select statements.
              </td>
            </tr>
            <tr>
              <td><code>timeout</code></td>
              <td>Establece el número de segundos que el driver esperará a que la base de datos le devuelva una respuesta antes de lanzar una excepción. Por defecto: no informado (depende del driver de base de datos).
              </td>
            </tr>
            <tr>
              <td><code>fetchSize</code></td>
              <td>Este es un atributo que “sugiere” al driver que devuelva los resultados en bloques de filas en el número indicado por el parámetro. Por defecto: no informado (depende del driver de base de datos).
              </td>
            </tr>
            <tr>
              <td><code>statementType</code></td>
              <td>Puede valer STATEMENT, PREPARED o CALLABLE. Hace que MyBatis use Statement, PreparedStatement o CallableStatement respectivamente.  Por defecto: PREPARED.
              </td>
            </tr>
            <tr>
              <td><code>resultSetType</code></td>
              <td>Puede valer FORWARD_ONLY|SCROLL_SENSITIVE|SCROLL_INSENSITIVE.  Por defecto: no informado (depende del driver de base de datos).
              </td>
            </tr>
            <tr>
              <td><code>databaseId</code></td>
              <td>Si hay un DatabaseIdProvider configurado. MyBatis cargará todos los statements sin el atributo <code>databaseId</code> 
              o aquellos con un <code>databaseId</code> que coincide con el actual. Si se encuentra un statement con y sin 
              <code>databaseId</code> el último se descartará.
              </td>
            </tr>
            <tr>
              <td><code>resultOrdered</code></td>
              <td>De aplicación exclusiva para select anidadas. Si es true, se asume que los resultados anidados están
                agrupados de forma que cuando se lee un nuevo resultado principal nuevo, no habrá más referencias
                a resultados principales anteriores. De esta forma los resultados anidados se rellenarán de 
                una manera mucho ás eficiente en términos de memoria. Defecto: 
                <code>false</code>.
              </td>
            </tr>
          </tbody>
        </table>
      </subsection>

      <subsection name="insert, update and delete">
        <p>Los insert, update y delete statements son muy similares en su implementación:</p>

        <source><![CDATA[<insert
  id="insertAuthor"
  parameterType="domain.blog.Author"
  flushCache="true"
  statementType="PREPARED"
  keyProperty=""
  keyColumn=""
  useGeneratedKeys=""
  timeout="20">

<update
  id="insertAuthor"
  parameterType="domain.blog.Author"
  flushCache="true"
  statementType="PREPARED"
  timeout="20">

<delete
  id="insertAuthor"
  parameterType="domain.blog.Author"
  flushCache="true"
  statementType="PREPARED"
  timeout="20">]]></source>

        <table>
          <caption>Insert, Update and Delete Attributes</caption>
          <thead>
            <tr>
              <th>Atributo</th>
              <th>Descripción</th>
            </tr>
          </thead>
          <tbody>
            <tr>
              <td><code>id</code></td>
              <td>Un identificador único dentro del namespace que se utiliza para identificar el statement.</td>
            </tr>
            <tr>
              <td><code>parameterType</code></td>
              <td>El nombre completamente cualificado de la clase o el alias del parámetro que se pasará al statement.</td>
            </tr>
            <tr>
              <td>
                <strike><code>parameterMap</code></strike>
              </td>	
              <td>
                <strike>Método deprecado de referirse a un parameterMap externo. Usa mapeos inline y el atributo paramterType.</strike>
              </td>
            </tr>
            <tr>
              <td><code>flushCache</code></td>
              <td>Informar esta propiedad a true hará que la caché se vacíe cada vez que se llame a este statement. Por defecto es false para select statements.
              </td>
            </tr>
            <tr>
              <td><code>timeout</code></td>
              <td>Establece el número máximo de segundos que el driver esperará a que la base de datos le devuelva una respuesta antes de lanzar una excepción. Por defecto: no informado (depende del driver de base de datos).</td>
            </tr>
            <tr>
              <td><code>statementType</code></td>
              <td>Puede valer STATEMENT, PREPARED o CALLABLE. Hace que MyBatis use Statement, PreparedStatement o CallableStatement respectivamente.  Por defecto: PREPARED.
              </td>
            </tr>
            <tr>
              <td><code>useGeneratedKeys</code></td>
              <td>(solo en insert) Indica a MyBatis que utilice el método getGeneratedKeys de JDBC para recuperar las claves autogeneras automáticamente por la base de datos. (ej. campos autoincrementales en SGBD como MySQL o SQL Server).  Por defecto:  false
              </td>
            </tr>
            <tr>
              <td><code>keyProperty</code></td>
              <td>(solo en insert) Indica la propiedad a la que MyBatis debe asignar la clave autogenerada devuelva por getGeneratedKeys o por un elemento hijo de tipo selectKey. Por defecto: no informado.
              </td>
            </tr>
            <tr>
              <td><code>keyColumn</code></td>
              <td>(solo en insert) Indica el nombre de la columna en tabla con clave generada. Solo se requiere en algunas bases de datos (como PostgreSQL) donde la 
              columna clave no es la primera de la tabla.
              </td>
            </tr>
            <tr>
              <td><code>databaseId</code></td>
              <td>Si hay un DatabaseIdProvider configurado. MyBatis cargará todos los statements sin el atributo <code>databaseId</code> 
              o aquellos con un <code>databaseId</code> que coincide con el actual. Si se encuentra un statement con y sin 
              <code>databaseId</code> el último se descartará.
              </td>
            </tr>
          </tbody>
        </table>

        <p>A continuación se muestran unos ejemplos de insert, update y delete.</p>

        <source><![CDATA[<insert id="insertAuthor" parameterType="domain.blog.Author">
  insert into Author (id,username,password,email,bio)
  values (#{id},#{username},#{password},#{email},#{bio})
</insert>

<update id="updateAuthor" parameterType="domain.blog.Author">
  update Author set
    username = #{username},
    password = #{password},
    email = #{email},
    bio = #{bio}
  where id = #{id}
</update>

<delete id="deleteAuthor" parameterType="int">
  delete from Author where id = #{id}
</delete>]]></source>

        <p>Tal y como se ha indicado, insert es algo más complejo dado que dispone de algunos atributos extra para gestionar la generación de claves de varias formas distintas.
        </p>

        <p>
          Primeramente, si tu base de datos soporta la auto-generación de claves (ej. MySQL y SQL Server), entonces puedes simplemente informar el atributo useGeneratedKeys=”true” e informar también en keyProperty el nombre del la propiedad donde guardar el valor y ya has terminado.
Por ejemplo, si la columna id de la tabla Author del ejemplo siguiente fuera autogenerada el insert statement se escribiría de la siguiente forma:
        </p>

        <source><![CDATA[<insert id="insertAuthor" parameterType="domain.blog.Author" useGeneratedKeys="true"
    keyProperty="id">
  insert into Author (username,password,email,bio)
  values (#{username},#{password},#{email},#{bio})
</insert>]]></source>

        <p>MyBatis puede tratar las claves autogeneradas de otra forma para el caso de las bases de datos que no soportan columnas autogeneradas, o porque su driver JDBC no haya incluido aun dicho soporte.
        </p>

        <p>A continuación se muestra un ejemplo muy simple que genera un id aleatorio (algo que posiblemente nunca harás pero que demuestra la flexibilidad de MyBatis y cómo MyBatis ignora la forma en la que se consigue la clave):
        </p>
        <source><![CDATA[<insert id="insertAuthor" parameterType="domain.blog.Author">
  <selectKey keyProperty="id" resultType="int" order="BEFORE">
    select CAST(RANDOM()*1000000 as INTEGER) a from SYSIBM.SYSDUMMY1
  </selectKey>
  insert into Author
    (id, username, password, email,bio, favourite_section)
  values
    (#{id}, #{username}, #{password}, #{email}, #{bio}, #{favouriteSection,jdbcType=VARCHAR})
</insert>]]></source>
        <p>
          En el ejemplo anterior, el selectKey statement se ejecuta primero, la propiedad id de Author se informará y posteriormente se invocará al insert statement. Esto proporciona un comportamiento similar a la generación de claves en base de datos sin complicar el código Java.
        </p>
        <p>El elemento selectKey tiene el siguiente aspecto:</p>
        <source><![CDATA[<selectKey
  keyProperty="id"
  resultType="int"
  order="BEFORE"
  statementType="PREPARED">]]></source>

        <table>
          <caption>selectKey Attributes</caption>
          <thead>
            <tr>
              <th>Attribute</th>
              <th>Description</th>
            </tr>
          </thead>
          <tbody>
            <tr>
              <td><code>keyProperty</code></td>
              <td>La propiedad destino con la que debe informarse el resultado del selectKey statement.</td>
            </tr>
            <tr>
              <td><code>resultType</code></td>
              <td>El tipo de retorno. MyBatis puede adivinarlo pero no está de más añadirlo para asegurarse. MyBatis permite usar cualquier tipo simple, incluyendo Strings.
              </td>
            </tr>
            <tr>
              <td><code>order</code></td>
              <td>Puede contener BEFORE o AFTER. Si se informa a BEFORE, entonces la obtención de la clave se realizará primero, se informará el campo indicado en keyProperty y se ejecutará la insert. Si se informa a AFTER se ejecuta primero la insert y después la selectKey – Esto es habitual en bases de datos como Oracle que soportan llamadas embebidas a secuencias dentro de una sentencia insert.
              </td>
            </tr>
            <tr>
              <td><code>statementType</code></td>
              <td>Al igual que antes, MyBatis soporta sentencias de tipo STATEMENT, PREPARED and CALLABLE que corresponden Statement, PreparedStatement y CallableStatement respectivamente.
              </td>
            </tr>
          </tbody>
        </table>
      </subsection>

      <subsection name="sql">
        <p>Este elemento se utiliza para definir un fragmento reusable de código SQL que puede ser incluido en otras sentencias. Por ejemplo:
        </p>

        <source><![CDATA[<sql id="userColumns"> id,username,password </sql>]]></source>

        <p>Este fragmento de SQL puede ser incluido en otra sentencia, por ejemplo:
        </p>

        <source><![CDATA[<select id="selectUsers" parameterType="int" resultType="hashmap">
  select <include refid="userColumns"/>
  from some_table
  where id = #{id}
</select>]]></source>
      </subsection>

      <subsection name="Parameters">
        <p>En todos los statements anteriores se han mostrado ejemplos de parámetros simples. Los parámetros son elementos muy potentes en MyBatis. En los casos simples, probablemente el 90% de los casos, no hay mucho que decir sobre ellos, por ejemplo:
        </p>

        <source><![CDATA[<select id="selectUsers" parameterType="int" resultType="User">
  select id, username, password
  from users
  where id = #{id}
</select>]]></source>

        <p>El ejemplo anterior muestra un mapeo muy simple de parámetro con nombre. El atributo parameterType se ha informado a “int”, por lo tanto el nombre del parámetro puede ser cualquiera. Los tipos primitivos y los tipos de datos simples como Integer o String no tienen propiedades relevantes y por tanto el parámetro será reemplazado por su valor. Sin embargo, si pasas un objeto complejo, entonces el comportamiento es distinto. Por ejemplo:
        </p>

        <source><![CDATA[<insert id="insertUser" parameterType="User" >
  insert into users (id, username, password)
  values (#{id}, #{username}, #{password})
</insert>]]></source>

        <p>Si se pasa un objeto de tipo User como parámetro en este statement, se buscarán en él las propiedades id, username y password  y sus valores se pasarán como parámetros de un PreparedStatement.
        </p>

        <p>Esta es una Buena forma de pasar parámetros a statements. Pero los parameter maps (mapas de parámetros) tienen otras muchas características.features of parameter maps.
        </p>

        <p>Primeramente, es posible especificar un tipo de dato concreto.
        </p>

        <source><![CDATA[#{property,javaType=int,jdbcType=NUMERIC}]]></source>

        <p>Como en otros casos, el tipo de Java (javaType) puede casi siempre obtenerse del objeto recibido como parámetro, salvo si el objeto es un HashMap. En ese caso debe indicarse el javaType para asegurar que se usa el TypeHandler correcto.
        </p>

        <p>
          <span class="label important">NOTA</span> El tipo JDBC es obligatorio para todas las columnas que admiten null cuando se pasa un null como valor. Puedes investigar este tema por tu cuenta leyendo los JavaDocs del método PreparedStatement.setNull().
        </p>

        <p>Si quieres customizar aun más el tratamiento de tipos de datos, puedes indicar un TypeHandler específico (o un alias), por ejemplo:
        </p>

        <source><![CDATA[#{age,javaType=int,jdbcType=NUMERIC,typeHandler=MyTypeHandler}]]></source>

        <p>Comienza a parecer demasiado verboso, pero lo cierto es que rara vez necesitaras nada de esto.</p>

        <p>Para los tipos numéricos hay un atributo numericScale que permite especificar cuantas posiciones decimales son relevantes.
        </p>

        <source><![CDATA[#{height,javaType=double,jdbcType=NUMERIC,numericScale=2}]]></source>

        <p>Finalmente, el atributo mode te permite especificar parámetros IN, OUT o INOUT. Si un parámetro es OUT o INOUT, el valor actual de las propiedades del objeto pasado como parámetro será modificado. Si el mode=OUT (o INOUT) y el jdbcType=CURSOR (ej. Oracle REFCURSOR), debes especificar un resultMap para mapear el RestultSet al tipo del parámetro. Ten en cuenta que el atributo javaType es opcional en este caso, dado que se establecerá automáticamente al valor ResultSet en caso de no haberse especificado si el jdbcType es CURSOR.
        </p>

        <source><![CDATA[#{department, mode=OUT, jdbcType=CURSOR, javaType=ResultSet, resultMap=departmentResultMap}]]></source>

        <p>MyBatis también soporta tipos de datos avanzados como los structs, pero en este caso debes indicar in el statement el jdbcTypeName en la declaración del parámetro de tipo OUT.
        </p>

        <source><![CDATA[#{middleInitial, mode=OUT, jdbcType=STRUCT, jdbcTypeName=MY_TYPE, resultMap=departmentResultMap}]]></source>

        <p>A pesar de estas potentes opciones, la mayoría de las veces simplemente debes especificar el nombre de la propiedad y MyBatis adivinará lo demás. A lo sumo, deberás especificar los jdbcTypes para las columnas que admiten nulos.
        </p>

        <source><![CDATA[#{firstName}
#{middleInitial,jdbcType=VARCHAR}
#{lastName}]]></source>

        <h4>
          Sustitución de Strings
        </h4>

        <p>
          Por defecto, usar la sintaxis #{} hace que MyBatis genere propiedades de PreparedStatement y que asigne los valores a parámetros de PreparedStatement de forma segura (ej. ?). Aunque esto es más seguro, más rápido y casi siempre la opción adecuada, en algunos casos sólo quieres inyectar un trozo de texto sin modificaciones dentro de la sentencia SQL. Por ejemplo, para el caso de ORDER BY, podrías utilizar algo así:
        </p>

        <source><![CDATA[ORDER BY ${columnName}]]></source>

        <p>
          En este caso MyBatis no alterará el contenido del texto.
        </p>

        <p>
          <span class="label important">NOTA</span> No es seguro recoger un texto introducido por el usuario e inyectarlo en una sentencia SQL. Esto permite ataques de inyección de SQL y por tanto debes impedir que estos campos se informen con la entrada del usuario, o realizar tus propias comprobaciones o escapes.
        </p>
      </subsection>

      <subsection name="Result Maps">
        <p>
          El elemento resultMap es el elemento más importante y potente de MyBatis. Te permite eliminar el 90% del código que requiere el JDBC para obtener datos de ResultSets, y en algunos casos incluso te permite hacer cosas que no están siquiera soportadas en JDBC. En realidad, escribir un código equivalente para realizar algo similar a un mapeo para un statement complejo podría requerir cientos de líneas de código. El diseño de los ResultMaps es tal, que los statemets simples no requieren un ResultMap explícito, y los statements más complejos requieren sólo la información imprescindible para describir relaciones.
        </p>

        <p>Ya has visto algunos ejemplos de un statement sencillo que no requiere un ResultMap explícito. Por ejemplo:
        </p>

        <source><![CDATA[<select id="selectUsers" parameterType="int" resultType="hashmap">
  select id, username, hashedPassword
  from some_table
  where id = #{id}
</select>]]></source>

        <p>
          Este statement simplemente obtiene como resultado una HashMap que contiene como claves todas las columnas, tal y como se ha especificado en el atributo resultType. Aunque es muy útil en muchos casos, una HashMap no contribuye a un buen modelo de dominio. Es más probable que tu aplicación use JavaBeans o POJOs (Plain Old Java Objects) para el modelo de dominio. MyBatis soporta ambos. Dado el siguiente JavaBean:
        </p>
        <source><![CDATA[package com.someapp.model;
public class User {
  private int id;
  private String username;
  private String hashedPassword;
  
  public int getId() {
    return id;
  }
  public void setId(int id) {
    this.id = id;
  }
  public String getUsername() {
    return username;
  }
  public void setUsername(String username) {
    this.username = username;
  }
  public String getHashedPassword() {
    return hashedPassword;
  }
  public void setHashedPassword(String hashedPassword) {
    this.hashedPassword = hashedPassword;
  }
}]]></source>

        <p>
          Basándose en la especificación de JavaBeans, la clase anterior tiene 3 propiedades: ip, username y hashedPassword. Todas ellas coinciden exactamente con los nombres de columna en la sentencia select.
        </p>

        <p>
          Este JavaBean puede mapearse desde un ResultSet de forma casi tan sencilla como la HashMap.
        </p>

        <source><![CDATA[<select id="selectUsers" parameterType="int" resultType="com.someapp.model.User">
  select id, username, hashedPassword
  from some_table
  where id = #{id}
</select>]]></source>

        <p>Y recuerda que los TypeAliases son tus amigos. Úsalos y de esa forma no tendrás que escribir constantemente el nombre totalmente cualificado (fully qualified). Por ejemplo:
        </p>

        <source><![CDATA[<!-- In Config XML file -->
<typeAlias type="com.someapp.model.User" alias="User"/>

<!-- In SQL Mapping XML file -->
<select id="selectUsers" parameterType="int" resultType="User">
  select id, username, hashedPassword
  from some_table
  where id = #{id}
</select>]]></source>

        <p>
          En estos casos MyBatis crea automáticamente un RestulMap entre bastidores para mapear las columnas a las propiedades del JavaBean en base a sus nombres. Si los nombres de las columnas no coinciden exactamente, puedes emplear alias en los nombres de columnas de la sentencia SQL (una característica estándar del SQL) para hacer que coincidan. Por ejemplo:
        </p>

        <source><![CDATA[<select id="selectUsers" parameterType="int" resultType="User">
  select
    user_id             as "id",
    user_name           as "userName",
    hashed_password     as "hashedPassword"
  from some_table
  where id = #{id}
</select>]]></source>

        <p>
          Lo mejor de los ResultMaps es que ya has aprendido mucho sobre ellos ¡y ni siquiera los has visto! Los casos sencillos no requieren nada más que lo que ya has visto. Solo como ejemplo, veamos qué aspecto tendría el último ejemplo utilizando un ResultMap externo, lo cual es otra forma de solucionar las divergencias entre los nombres de columnas y de propiedades.
        </p>

        <source><![CDATA[<resultMap id="userResultMap" type="User">
  <id property="id" column="user_id" />
  <result property="username" column="username"/>
  <result property="password" column="password"/>
</resultMap>]]></source>

        <p>
          Y el statement que las referencia utiliza para ello el atributo resultMap (fíjate que hemos eliminado el atributo resultType). Por ejemplo:
        </p>

        <source><![CDATA[<select id="selectUsers" parameterType="int" resultMap="userResultMap">
  select user_id, user_name, hashed_password
  from some_table
  where id = #{id}
</select>]]></source>

        <p>
          Ojalá todo fuera tan sencillo.
        </p>

	      <h4>Mapeo de resultados avanzado</h4>

        <p>
          MyBatis fue creado con una idea en mente: las bases de datos no siempre son como a ti te gustaría que fueran. Nos encantaría que todas las bases de datos estuvieran en 3ª forma normal o BCNF, pero no lo están. Sería genial que una base de datos encajara perfectamente con todas las aplicaciones que la usan pero no es así. Los ResultMaps son la respuesta de MyBatis a este problema.
        </p>

        <p>Por ejemplo, ¿cómo mapearías este statement?</p>

        <source><![CDATA[<!-- Very Complex Statement -->
<select id="selectBlogDetails" parameterType="int" resultMap="detailedBlogResultMap">
  select
       B.id as blog_id,
       B.title as blog_title,
       B.author_id as blog_author_id,
       A.id as author_id,
       A.username as author_username,
       A.password as author_password,
       A.email as author_email,
       A.bio as author_bio,
       A.favourite_section as author_favourite_section,
       P.id as post_id,
       P.blog_id as post_blog_id,
       P.author_id as post_author_id,
       P.created_on as post_created_on,
       P.section as post_section,
       P.subject as post_subject,
       P.draft as draft,
       P.body as post_body,
       C.id as comment_id,
       C.post_id as comment_post_id,
       C.name as comment_name,
       C.comment as comment_text,
       T.id as tag_id,
       T.name as tag_name
  from Blog B
       left outer join Author A on B.author_id = A.id
       left outer join Post P on B.id = P.blog_id
       left outer join Comment C on P.id = C.post_id
       left outer join Post_Tag PT on PT.post_id = P.id
       left outer join Tag T on PT.tag_id = T.id
  where B.id = #{id}
</select>]]></source>

        <p>Posiblemente te gustaría mapearlo a un modelo de objetos formado por un Blog que ha sido escrito por un Autor, y tiene varios Posts, cada uno de ellos puede tener cero o varios comentarios y tags. A continuación puede observarse un ResultMap complejo (asumimos que Author, Blog, Post, Comments y Tags son typeAliases). Échale un vistazo, pero no te preocupes, iremos paso a paso. Aunque parece enorme, es en realidad, bastante sencillo. 
        </p>

        <source><![CDATA[<!-- Very Complex Result Map -->
<resultMap id="detailedBlogResultMap" type="Blog">
  <constructor>
    <idArg column="blog_id" javaType="int"/>
  </constructor>
  <result property="title" column="blog_title"/>
  <association property="author" javaType="Author">
    <id property="id" column="author_id"/>
    <result property="username" column="author_username"/>
    <result property="password" column="author_password"/>
    <result property="email" column="author_email"/>
    <result property="bio" column="author_bio"/>
    <result property="favouriteSection" column="author_favourite_section"/>
  </association>
  <collection property="posts" ofType="Post">
    <id property="id" column="post_id"/>
    <result property="subject" column="post_subject"/>
    <association property="author" javaType="Author"/>
    <collection property="comments" ofType="Comment">
      <id property="id" column="comment_id"/>
    </collection>
    <collection property="tags" ofType="Tag" >
      <id property="id" column="tag_id"/>
    </collection>
    <discriminator javaType="int" column="draft">
      <case value="1" resultType="DraftPost"/>
    </discriminator>
  </collection>
</resultMap>]]></source>

        <p>El elemento resultMap tiene varios sub-elementos y una estructura que merece la pena comentar. A continuación se muestra una vista conceptual del elemento resultMap.
        </p>

        <h4>resultMap</h4>
        <ul>
          <li>
            <code>constructor</code> - usado para inyectar resultados en el constructor de la clase durante la instanciación
            <ul>
              <li><code>idArg</code> - argumento ID; marcar el argumento ID mejora el rendimiento</li>
              <li><code>arg</code> - un resultado normal inyectado en el constructor</li>
            </ul>
          </li>
          <li><code>id</code> – result ID; marcar los results con ID mejora el rendimiento</li>
          <li><code>result</code> – un resultado normal inyectado en un campo o una propiedad de un JavaBean</li>
          <li>
            <code>association</code> – una asociación con un objeto complejo; muchos resultados acabarán siendo de este tipo
            <ul>
              <li>result mapping anidado – las asociaciones son resultMaps en sí mismas o pueden apuntar a otro resultMap
              </li>
            </ul>
          </li>
          <li>
            <code>collection</code> – una colección de tipos complejos
            <ul>
              <li>result mapping anidado – las colecciones son resultMaps en sí mismas o pueden apuntar a otro resultMap</li>
            </ul>
          </li>
          <li>
            <code>discriminator</code> – utiliza un valor del resultado para determinar qué resultMap utilizar
            <ul>
              <li>
                <code>case</code> – un resultMap basado en un valor concreto
                <ul>
                  <li>result mapping anidado – un case es un resultMap en sí mismo y por tanto puede contener a su vez elementos propios de un resultMap o bien apuntar a un resultMap externo.
                  </li>
                </ul>
              </li>
            </ul>
          </li>
        </ul>

        <table>
          <caption>Atributos de ResultMap</caption>
          <thead>
            <tr>
              <th>Atributo</th>
              <th>Descripción</th>
            </tr>
          </thead>
          <tbody>
            <tr>
              <td><code>id</code></td>
              <td>Un identificador único dentro del namespace que se utiliza para identificar el result map.</td>
            </tr>
            <tr>
              <td><code>parameterType</code></td>
              <td>El nombre completamente cualificado de la clase o el alias del parámetro que se pasará al statement.</td>
            </tr>
            <tr>
              <td><code>autoMapping</code></td>
              <td>Si el atributo está presente MyBatis habilita o inhabilita el automapping para este result map.
                El atributo sobreescribe el parametro global autoMappingBehavior. 
              </td>
            </tr>
          </tbody>
        </table>

        <p>
          <span class="label important">Buena práctia</span> Construye los ResultMaps de forma incremental. Las pruebas unitarias son de gran ayuda en ellos. Si intentas construir un ResultMap gigantesco como el que se ha visto anteriormente, es muy probable que lo hagas mal y será difícil trabajar con él. Comienza con una versión sencilla y evolucionarla paso a paso. Y haz pruebas unitarias! La parte negativa de utilizar frameworks es que a veces son una caja negra (sean opensource o no). Lo mejor que puedes hacer para asegurar que estás consiguiendo el comportamiento que pretendes es escribir pruebas unitarias. También son de utilidad para enviar bugs.
        </p>

        <p>
          Las próximas secciones harán un recorrido por cada uno de los elementos en detalle.
        </p>

        <h4>id, result</h4>

        <source><![CDATA[<id property="id" column="post_id"/>
<result property="subject" column="post_subject"/>]]></source>

        <p>
          Estos son los ResultMaps más sencillos. Ambos id, y result mapean una columna con una propiedad o campo de un tipo de dato simple (String, int, double, Date, etc.).  
        </p>

        <p>
          La única diferencia entre ambos es que id marca que dicho resultado es un identificador y dicha propiedad se utilizará en las comparaciones entre instancias de objetos. Esto mejora el rendimiento global y especialmente el rendimiento de la cache y los mapeos anidados (ej. mapeo de joins).
        </p>

        <p>
          Cada uno tiene los siguientes atributos:
        </p>

        <table>
          <caption>Atributos de id y result</caption>
          <thead>
            <tr>
              <th>Atributo</th>
              <th>Descripción</th>
            </tr>
          </thead>
          <tbody>
            <tr>
              <td><code>property</code></td>
              <td>El campo o propiedad al que se va a mapear al valor resultado. Si existe una propiedad tipo JavaBean para el nombre dado, se utilizará. En caso contrario MyBatis buscará un campo con el mismo nombre. En ambos casos puedes utilizar navegación compleja usando la notación habitual con puntos. Por ejemplo, puedes mapear a algo sencillo como: “username”, o a algo más complejo como:  “address.street.number”.
              </td>
            </tr>
            <tr>
              <td><code>column</code></td>
              <td>El nombre de la columna de la base de datos, o el alias de columna. Es el mismo string que se pasaría al método resultSet.getString(columnName).
              </td>
            </tr>
            <tr>
              <td><code>javaType</code></td>
              <td>Un nombre de clase Java totalmente cualificado, o un typeAlias (más adelante se indican los typeAlias predefinidos). Normalmente MyBatis puede adivinar el tipo de datos de una propiedad de un JavaBean. Sin embargo si usas una HashMap deberás especificar el javaType para obtener el comportamiento deseado.
              </td>
            </tr>
            <tr>
              <td><code>jdbcType</code></td>
              <td>Un tipo JDBC de los tipos soportados que se muestran a continuación. El tipo JDBC solo se requiere para columnas que admiten nulos en insert, update o delete. Esto es un requerimiento de JDBC no de MyBatis. Incluso si usas JDBC directamente debes especificar el tipo – pero solo para los valores que pueden ser nulos.
              </td>
            </tr>
            <tr>
              <td><code>typeHandler</code></td>
              <td>Ya hemos hablado sobre typeHandlers anteriormente. Usando esta propiedad se puede sobre escribir el typeHandler por defecto. El valor admite un nombre totalmente cualificado o un alias.
              </td>
            </tr>
          </tbody>
        </table>

        <h4>Tipos JDBC soportados</h4>

        <p>Para referencia futura, MyBatis soporta los siguientes tipos JDBC por medio de la enumeración JdbcType.</p>

        <table>
          <tr>
            <td><code>BIT</code></td>
            <td><code>FLOAT</code></td>
            <td><code>CHAR</code></td>
            <td><code>TIMESTAMP</code></td>
            <td><code>OTHER</code></td>
            <td><code>UNDEFINED</code></td>
          </tr>
          <tr>
            <td><code>TINYINT</code></td>
            <td><code>REAL</code></td>
            <td><code>VARCHAR</code></td>
            <td><code>BINARY</code></td>
            <td><code>BLOG</code></td>
            <td><code>NVARCHAR</code></td>
          </tr>
          <tr>
            <td><code>SMALLINT</code></td>
            <td><code>DOUBLE</code></td>
            <td><code>LONGVARCHAR</code></td>
            <td><code>VARBINARY</code></td>
            <td><code>CLOB</code></td>
            <td><code>NCHAR</code></td>
          </tr>
          <tr>
            <td><code>INTEGER</code></td>
            <td><code>NUMERIC</code></td>
            <td><code>DATE</code></td>
            <td><code>LONGVARBINARY</code></td>
            <td><code>BOOLEAN</code></td>
            <td><code>NCLOB</code></td>
          </tr>
          <tr>
            <td><code>BIGINT</code></td>
            <td><code>DECIMAL</code></td>
            <td><code>TIME</code></td>
            <td><code>NULL</code></td>
            <td><code>CURSOR</code></td>
            <td><code>ARRAY</code></td>
          </tr>
        </table>

        <h4>constructor</h4>

        <source><![CDATA[<constructor>
   <idArg column="id" javaType="int"/>
   <arg column="username" javaType="String"/>
</constructor>]]></source>

        <p>Aunque las propiedades funcionan bien en clases tipo Data Transfer Object (DTO), y posiblemente en la mayor parte de tu modelo de dominio, hay algunos casos en los que puedes querer clases inmutables. En ocasiones, las tablas que contienen información que nunca o raramente cambia son apropiadas para las clases inmutables. La inyección en el constructor te permite informar valores durante la instanciación de la clase, sin necesidad de exponer métodos públicos. MyBatis tambien soporta propiedades privadas para conseguir esto mismo pero habrá quien prefiera utilizar la inyección de Constructor. El elemento constructor  permite hacer esto.
        </p>

        <p>Dado el siguiente constructor:</p>

        <source><![CDATA[public class User {
   //...
   public User(int id, String username) {
     //...
  }
//...
}]]></source>

        <p>Para poder inyectar los resultados en el constructor, MyBatis necesita identificar el constructor por el tipo de sus parámetros. Java no tiene forma de obtener los nombres de los parámetros de un constructor por introspección. Por tanto al crear un elemento constructor, debes asegurar que los argumentos están correctamente ordenados y que has informado los tipos de datos.</p>

        <source><![CDATA[<constructor>
   <idArg column="id" javaType="int"/>
   <arg column="username" javaType="String"/>
</constructor>]]></source>

        <p>El resto de atributos son los mismos que los de los elementos id y result.</p>

        <table>
          <thead>
            <tr>
              <th>Atributo</th>
              <th>Descripción</th>
            </tr>
          </thead>
          <tbody>
            <tr>
              <td><code>column</code></td>
              <td>El nombre de la columna de la base de datos, o el alias de columna. Es el mismo string que se pasaría al método resultSet.getString(columnName).
              </td>
            </tr>
            <tr>
              <td><code>javaType</code></td>
              <td>Un nombre de clase Java totalmente cualificado, o un typeAlias (más adelante se indican los typeAlias predefinidos). Normalmente MyBatis puede adivinar el tipo de datos de una propiedad de un JavaBean. Sin embargo si usas una HashMap deberás especificar el javaType para obtener el comportamiento deseado.
              </td>
            </tr>
            <tr>
              <td><code>jdbcType</code></td>
              <td>Un tipo JDBC de los tipos soportados que se muestran a continuación. El tipo JDBC solo se requiere para columnas que admiten nulos en insert, update o delete. Esto es un requerimiento de JDBC no de MyBatis. Incluso si usas JDBC directamente debes especificar el tipo – pero solo para los valores que pueden ser nulos.
              </td>
            </tr>
            <tr>
              <td><code>typeHandler</code></td>
              <td>Ya hemos hablado sobre typeHandlers anteriormente. Usando esta propiedad se puede sobre escribir el typeHandler por defecto. El valor admite un nombre totalmente cualificado o un alias.
              </td>
            </tr>
            <tr>
              <td><code>select</code></td>
              <td>El id de otro mapped statement que cargará el tipo complejo asociado a este argumento. Los valores obtenidos de las columnas especificadas en el atributo column se pasarán como parámetros al select  statement referenciado. Ver el elemento association  para más información.
              </td>
            </tr>
            <tr>
              <td><code>resultMap</code></td>
              <td>El id de un resultmap que puede mapear los resultados anidados de este argumento al grafo de objetos (object graph) apropiado. Es una alternativa a llamar a otro select statement. Permite hacer join de varias tablas en un solo ResultSet. Un ResultSet de este tipo puede contener bloques repetidos de datos que deben ser descompuestos y mapeados apropiadamente a un árbol de objetos (object graph). MyBatis te permite encadenar RestultMaps para tratar resultados anidados.  Ver el elemento association  para más información.
              </td>
            </tr>
          </tbody>
        </table>

        <h4>association</h4>

        <source><![CDATA[<association property="author" javaType="Author">
  <id property="id" column="author_id"/>
  <result property="username" column="author_username"/>
</association>]]></source>

        <p>El elemento association trata las relaciones de tipo “tiene-un”. Por ejemplo, en nuestro ejemplo, un Blog tiene un Autor. Un mapeo association funciona casi como cualquier otro result. Debes especificar la propiedad destino, el javaType de la propiedad (que normalmente MyBatis puede adivinar), el jdbcType si fuera necesario y un typeHandler si quieres sobre escribir el tratamiento de los valores de retorno.
        </p>

        <p>Donde la association es distinta es en que debes indicar a MyBatis como cargar la asociación. MyBatis puede hacerlo de dos formas distintas:
        </p>

        <ul>
          <li>
            Nested Select: Ejecutando otra select que devuelve el tipo complejo deseado.
          </li>
          <li>
            Nested Results: Usando un ResultMap anidado que trata con los datos repetidos de resultsets provenientes de joins.
          </li>
        </ul>

        <p>Primeramente, examinemos la propiedades del elemento. Como veras, es distinto de un ResultMap normal solo por los atributos select y resultMap.
        </p>

        <table>
          <thead>
            <tr>
              <th>Attribute</th>
              <th>Description</th>
            </tr>
          </thead>
          <tbody>
            <tr>
              <td><code>property</code></td>
              <td>El campo o propiedad a la que se debe mapear la columna. Si existe una propiedad JavaBean igual al nombre dado, se usará. En caso contrario, MyBatis buscará un campo con el nombre indicado. En ambos casos puedes usar navegación compleja usando la notación habitual con puntos. Por ejemplo puedes mapear algo simple como: “username”, o algo más complejo como:  “address.street.number”.
              </td>
            </tr>
            <tr>
              <td><code>javaType</code></td>
              <td>Un nombre de clase Java totalmente cualificado, o un typeAlias (más adelante se indican los typeAlias predefinidos). Normalmente MyBatis puede adivinar el tipo de datos de una propiedad de un JavaBean. Sin embargo si usas una HashMap deberás especificar el javaType para obtener el comportamiento deseado.
              </td>
            </tr>
            <tr>
              <td><code>jdbcType</code></td>
              <td>Un tipo JDBC de los tipos soportados que se muestran a continuación. El tipo JDBC solo se requiere para columnas que admiten nulos en insert, update o delete. Esto es un requerimiento de JDBC no de MyBatis. Incluso si usas JDBC directamente debes especificar el tipo – pero solo para los valores que pueden ser nulos.
              </td>
            </tr>
            <tr>
              <td><code>typeHandler</code></td>
              <td>Ya hemos hablado sobre typeHandlers anteriormente. Usando esta propiedad se puede sobre escribir el typeHandler por defecto. El valor admite un nombre totalmente cualificado o un alias.
              </td>
            </tr>
          </tbody>
        </table>

        <h4>Select anidada en Association</h4>

        <table>
          <thead>
            <tr>
              <th>Atributo</th>
              <th>Descripción</th>
            </tr>
          </thead>
          <tbody>
            <tr>
              <td><code>column</code></td>
              <td>El nombre de la columna de la base de datos, o el alias de columna que contiene el valor que será pasado como parámetro de entrada al statement anidado. Es el mismo string que se pasaría al método resultSet.getString(columnName). Nota: para tratar con claves compuestas, puedes especificar varios nombres usando esta sintaxis column=”{prop1=col1,prop2=col2}”. Esto hará que se informen las propiedades prop1 y prop2 del objeto parámetro del select statement destino
              </td>
            </tr>
            <tr>
              <td><code>select</code></td>
              <td>El id de otro mapped statement que cargará el tipo complejo asociado a esta propiedad. Los valores obtenidos de las columnas especificadas en el atributo column se pasarán como parámetros al select  statement referenciado. A continuación se muestra un ejemplo detallado. Nota: para tratar con claves compuestas, puedes especificar varios nombres usando esta sintaxis column=”{prop1=col1,prop2=col2}”. Esto hará que se informen las propiedades prop1 y prop2 del objeto parámetro del select statement destino
              </td>
            </tr>
          </tbody>
        </table>

        <p>
          Por ejemplo:
        </p>

        <source><![CDATA[<resultMap id="blogResult" type="Blog">
  <association property="author" column="author_id" javaType="Author" select="selectAuthor"/>
</resultMap>

<select id="selectBlog" parameterType="int" resultMap="blogResult">
  SELECT * FROM BLOG WHERE ID = #{id}
</select>

<select id="selectAuthor" parameterType="int" resultType="Author">
  SELECT * FROM AUTHOR WHERE ID = #{id}
</select>]]></source>

        <p>Tenemos dos statements: uno para cargar el Blog, el otro para cargar el Autor, y el RestulMap de Blog describe que la sentencia “selectAuthor” debe utilizarse para cargar su propiedad author.
        </p>

        <p>Todas las demás propiedades se cargarán automáticamente asumiendo que los nombres de propiedad y de columna coinciden.
        </p>

        <p>Aunque este enfoque es simple, puede no tener un buen rendimiento con gran cantidad de datos. Este problema es conocido como “El problema de las N+1 Selects”. En resumidas cuentas, el problema de N+1 selects está causado por esto:
        </p>

        <ul>
          <li>Ejecutas una sentencia SQL para obtener una lista de registros (el “+1”).</li>
          <li>Para cada registro obtenido ejecutas una select para obtener sus detalles (el “N”).
          </li>
        </ul>

        <p>Este problema puede provocar la ejecución de cientos o miles de sentencias SQL. Lo cual no es demasiado recomendable.
        </p>

        <p>MyBatis puede cargar esas consultas de forma diferida (lazy load), por lo tanto se evita el coste de lanzar todas esas consultas a la vez. Sin embargo, si cargas la lista e inmediatamente iteras por ella para acceder a los datos anidados, acabarás cargando todos los registros y por lo tanto el rendimiento puede llegar a ser muy malo.
        </p>

        <p>Así que, hay otra forma de hacerlo.
        </p>

        <h4>ResultMaps anidadas en Association</h4>

        <table>
          <thead>
            <tr>
              <th>Attribute</th>
              <th>Description</th>
            </tr>
          </thead>
          <tbody>
            <tr>
              <td><code>resultMap</code></td>
              <td>El id de un resultmap que puede mapear los resultados anidados de esta asociación al grafo de objetos apropiado. Es una alternativa a llamar a otro select statement. Permite hacer join de varias tablas en un solo ResultSet. Un ResultSet de este tipo puede contener bloques repetidos de datos que deben ser descompuestos y mapeados apropiadamente a un árbol de objetos (object graph). MyBatis te permite encadenar RestultMaps para tratar resultados anidados.  A continuación se muestra un ejemplo detallado. 
              </td>
            </tr>
            <tr>
              <td><code>columnPrefix</code></td>
              <td>
                Cuando se hace una join de varias tablas, es posible que tengas que usar alias de columna para evitar nombres duplicados en el ResultSet.
                El atributo columnPrefix te permite mapear dichas columnas a un Result Map externo. Más adelante se muestra un ejemplo de esta función.
              </td>
            </tr>
            <tr>
              <td><code>notNullColumn</code></td>
              <td>
                Por defecto MyBatis sólo crea objetos hijos si al menos una de las columnas mapeadas a las propiedades de dicho objeto es no nula.
                Con este atributo se puede modificar este comportamiento especificando qué columnas deben tener un valor de forma que MyBatis
                sólo creará un objeto hijo si alguna de estas columnas no es nula. Pueden indicarse una lista de columnas usando la coma como separador.
              </td>
            </tr>            
          </tbody>
        </table>

        <p>Previamente has visto un ejemplo muy complejo de asociaciones anidadas. Lo que se muestra a continuación es un ejemplo más simple que muestra cómo funciona esta característica. En lugar de ejecutar un statement separado, vamos a hacer una JOIN de las tablas Blog y Author de la siguiente forma:
        </p>

        <source><![CDATA[<select id="selectBlog" parameterType="int" resultMap="blogResult">
  select
    B.id            as blog_id,
    B.title         as blog_title,
    B.author_id     as blog_author_id,
    A.id            as author_id,
    A.username      as author_username,
    A.password      as author_password,
    A.email         as author_email,
    A.bio           as author_bio
  from Blog B left outer join Author A on B.author_id = A.id
  where B.id = #{id}
</select>]]></source>

        <p>Fíjate en la join, y el especial cuidado que se ha dedicado a que todos los resultados tengan un alias que les de un nombre único y claro. Esto hace el mapeo mucho más sencillo. Ahora podemos mapear los resultados:
        </p>

        <source><![CDATA[<resultMap id="blogResult" type="Blog">
  <id property="id" column="blog_id" />
  <result property="title" column="blog_title"/>
  <association property="author" javaType="Author" resultMap="authorResult"/>
</resultMap>

<resultMap id="authorResult" type="Author">
  <id property="id" column="author_id"/>
  <result property="username" column="author_username"/>
  <result property="password" column="author_password"/>
  <result property="email" column="author_email"/>
  <result property="bio" column="author_bio"/>
</resultMap>]]></source>

        <p>En el ejemplo anterior puedes ver que la asociación “author” de Blog delega la carga de las instancias de Author en el ResultMap “authorResult”.
        </p>

        <p>
          <span class="important">Muy importante</span>: El elemento id tiene un papel muy importante en el mapeo de resultados anidados. Debes especificar siempre una o más propiedades que se puedan usar para identificar unívocamente los resultados. Lo cierto es que MyBatis también va a funcionar si no lo haces pero a costa de una importante penalización en rendimiento. Elige el número mínimo de propiedades que pueda identificar unívocamente un resultado. La clave primaria es una elección obvia (incluso si es compuesta).
        </p>

        <p>En el ejemplo anterior se usa un resultMap externo para mapear la asociación. Esto hace que el resultMap del Autor sea reusable. Sin embargo, si no hay necesidad de reusarla o simplemente prefieres colocar todos los mapeos en un solo ResultMap, puedes anidarlo en la propia asociación. A continuación se muestra un ejemplo de este enfoque:
        </p>

        <source><![CDATA[<resultMap id="blogResult" type="Blog">
  <id property="id" column="blog_id" />
  <result property="title" column="blog_title"/>
  <association property="author" javaType="Author">
    <id property="id" column="author_id"/>
    <result property="username" column="author_username"/>
    <result property="password" column="author_password"/>
    <result property="email" column="author_email"/>
    <result property="bio" column="author_bio"/>
  </association>
</resultMap>]]></source>

        <p>
          Pero ¿y si el blog tiene un co-autor? La select sería algo así:
        </p>

        <source><![CDATA[<select id="selectBlog" parameterType="int" resultMap="blogResult">
  select
    B.id            as blog_id,
    B.title         as blog_title,
    A.id            as author_id,
    A.username      as author_username,
    A.password      as author_password,
    A.email         as author_email,
    A.bio           as author_bio,
    CA.id           as co_author_id,
    CA.username     as co_author_username,
    CA.password     as co_author_password,
    CA.email        as co_author_email,
    CA.bio          as co_author_bio
  from Blog B
  left outer join Author A on B.author_id = A.id
  left outer join Author CA on B.co_author_id = CA.id
  where B.id = #{id}
</select>]]></source>

        <p>
          Recuerda que el resultMap de Author está definido de la siguiente forma.
        </p>

        <source><![CDATA[<resultMap id="authorResult" type="Author">
  <id property="id" column="author_id"/>
  <result property="username" column="author_username"/>
  <result property="password" column="author_password"/>
  <result property="email" column="author_email"/>
  <result property="bio" column="author_bio"/>
</resultMap>]]></source>

        <p>
          Dado que los nombres de columnas de los resultados difieren de los nombres especidficados en el resultMap, necesitas
          especificar un atributo <code>columnPrefix</code> para poder reusar el result map de Author para los co-autores.
        </p>

        <source><![CDATA[<resultMap id="blogResult" type="Blog">
  <id property="id" column="blog_id" />
  <result property="title" column="blog_title"/>
  <association property="author"
    resultMap="authorResult" />
  <association property="coAuthor"
    resultMap="authorResult"
    columnPrefix="co_" />
</resultMap>]]></source>

        <h4>ResultSets múltiples en Association</h4>

        <table>
          <thead>
            <tr>
              <th>Atributo</th>
              <th>Descripción</th>
            </tr>
          </thead>
          <tbody>
            <tr>
              <td><code>column</code></td>
              <td>
                Cuando se usan result sets multiples este atributo especifica las columnas (separadas por comas) que se 
                correlarán con las indicadas en <code>foreignColumn</code> para identificar al padre y e hijo de una relación.
              </td>
            </tr>
            <tr>
              <td><code>foreignColumn</code></td>
              <td>
                Identifica los nombres de las columnas que contienen las claves foráneas que se emparejarán
                con las columnas especificadas en el atributo <code>column</code> del tipo padre.
              </td>
            </tr>
            <tr>
              <td><code>resultSet</code></td>
              <td>
                Identifica el nombre del result set de donde se cargarán los datos.
              </td>
            </tr>
          </tbody>
        </table>
        
        <p>Desce la versión 3.2.3 MyBatis proporciona otra forma más de resolver el problema del N+1.</p>
         
        <p>Algunas bases de datos permiten que un procedimiento almacenado devuelva más de un resultset o 
        ejecutar más de una sentencia a la vez y obtener de vuelta un resultset por cada. Esto se puede usar
        para acceder una sola vez a la base de datos y obtener datos relacionados sin usar una join.</p>
        
        <p>En el ejemplo, el procedimiento almacenado deolverá dos result sets. El primero contendrá
        Blogs y el segundo Authors.</p>

        <source><![CDATA[SELECT * FROM BLOG WHERE ID = #{id}

SELECT * FROM AUTHOR WHERE ID = #{id}]]></source>

        <p>Se debe proporcionar un nombre a cada resultset informando el atributo 
        <code>resultSets</code> del mapped statement con una lista de nombres separados por comas.</p>

        <source><![CDATA[<select id="selectBlog" resultSets="blogs,authors" resultMap="blogResult">
  {call getBlogsAndAuthors(#{id,jdbcType=INTEGER,mode=IN})}
</select>
]]></source>

        <p>
        Ahora podemos especificar que los datos para rellenar la asociación "author" vienen en el result set "authors":
        </p>

        <source><![CDATA[<resultMap id="blogResult" type="Blog">
  <id property="id" column="id" />
  <result property="title" column="title"/>
  <association property="author" javaType="Author" resultSet="authors" column="author_id" foreignColumn="id">
    <id property="id" column="id"/>
    <result property="username" column="username"/>
    <result property="password" column="password"/>
    <result property="email" column="email"/>
    <result property="bio" column="bio"/>
  </association>
</resultMap>]]></source>

        <p>Has visto como se utiliza la asociación “Tiene Un”. Pero ¿qué hay que el “Tiene Muchos”? Ese es el contenido de la siguiente sección.
        </p>

        <h4>collection</h4>

        <source><![CDATA[<collection property="posts" ofType="domain.blog.Post">
  <id property="id" column="post_id"/>
  <result property="subject" column="post_subject"/>
  <result property="body" column="post_body"/>
</collection>]]></source>

        <p>El elemento collection funciona de forma casi idéntica al association.  En realidad, es tan similar, que documentar todas las similitudes sería redundante. Así que enfoquémonos en las diferencias.
        </p>

        <p>Para continuar con nuestro ejemplo anterior, un Blog solo tiene un Autor. Pero un Blog tiene muchos Posts. En la clase Blog esto se representaría con algo como:
        </p>

        <source><![CDATA[private List<Post> posts;]]></source>

        <p>Para mapear un conjunto de resultados anidados a una Lista como esta, debemos usar el elemento collection. Al igual que el elemento association, podemos usar una select anidada, o bien resultados anidados cargados desde una join.
        </p>

        <h4>Select anidada en Collection</h4>

        <p>Primeramente, echemos un vistazo al uso de una select anidada para cargar los Posts de un Blog.
        </p>

        <source><![CDATA[<resultMap id="blogResult" type="Blog">
  <collection property="posts" javaType="ArrayList" column="id" ofType="Post" select="selectPostsForBlog"/>
</resultMap>

<select id="selectBlog" parameterType="int" resultMap="blogResult">
  SELECT * FROM BLOG WHERE ID = #{id}
</select>

<select id="selectPostsForBlog" parameterType="int" resultType="Post">
  SELECT * FROM POST WHERE BLOG_ID = #{id}
</select>]]></source>

        <p>Hay unas cuantas diferencias que habrás visto de forma inmediata, pero la mayor parte tiene el mismo aspecto que el elemento association  que vimos anteriormente. Primeramente, verás que estamos usando el elemento collection. Verás también que hay un nuevo atributo “ofType”. Este atributo es necesario para distinguir el tipo de la propiedad del JavaBean (o del campo) y el tipo contenido por la colección. Por tanto podrías leer el siguiente mapeo de esta forma:
        </p>

        <source><![CDATA[<collection property="posts" javaType="ArrayList" column="id" ofType="Post" select="selectPostsForBlog"/>]]></source>

        <p>
          <span class="important">Leído como</span>: "Una colección de posts en un ArrayList de tipos Post."
        </p>

        <p>El javaType es casi siempre innecesario, porque MyBatis lo adivinará en la mayoría de los casos. Así que podrías acortarlo de esta forma:
        </p>

        <source><![CDATA[<collection property="posts" column="id" ofType="Post" select="selectPostsForBlog"/>]]></source>

        <h4>ResultMaps anidados en Collection</h4>

        <p>A estas alturas, posiblemente ya imaginarás cómo funcionan los ResultMaps anidados en una colección porque funcionan exactamente igual que en una asociación, salvo por que se añade igualmente el atributo “ofType”.
        </p>

        <p>Primero, echemos un vistazo al SQL:</p>

        <source><![CDATA[<select id="selectBlog" parameterType="int" resultMap="blogResult">
  select
  B.id as blog_id,
  B.title as blog_title,
  B.author_id as blog_author_id,
  P.id as post_id,
  P.subject as post_subject,
  P.body as post_body,
  from Blog B
  left outer join Post P on B.id = P.blog_id
  where B.id = #{id}
</select>]]></source>

        <p>Nuevamente hemos hecho una JOIN de las tablas Blog y Post, y hemos tenido cuidado de asegurarnos que las columnas obtenidas tienen un alias adecuado. Ahora, mapear un Blog y colección de Post es tan simple como:
        </p>

        <source><![CDATA[<resultMap id="blogResult" type="Blog">
  <id property="id" column="blog_id" />
  <result property="title" column="blog_title"/>
  <collection property="posts" ofType="Post">
    <id property="id" column="post_id"/>
    <result property="subject" column="post_subject"/>
    <result property="body" column="post_body"/>
  </collection>
</resultMap>]]></source>

        <p>Nuevamente, recuerda la importancia del elemento id,  o lee la sección de asociación si no lo has hecho aun.
        </p>

        <p>Además, si prefieres el formato más largo que aporta más reusabilidad a tus ResultMaps, puedes utilizar esta forma alternativa de mapeo:
        </p>
        <source><![CDATA[<resultMap id="blogResult" type="Blog">
  <id property="id" column="blog_id" />
  <result property="title" column="blog_title"/>
  <collection property="posts" ofType="Post" resultMap="blogPostResult" columnPrefix="post_"/>
</resultMap>

<resultMap id="blogPostResult" type="Post">
  <id property="id" column="id"/>
  <result property="subject" column="subject"/>
  <result property="body" column="body"/>
</resultMap>]]></source>

        <h4>ResultSets múltiples en Collection</h4>
        
        <p>
          De la misma forma que hicimos en la association, podemos llamar a un procedimiento almacenado que devuelva 
          dos resultsets, uno con Blogs y otro con Posts:
        </p>

        <source><![CDATA[SELECT * FROM BLOG WHERE ID = #{id}

SELECT * FROM POST WHERE BLOG_ID = #{id}]]></source>

        <p>Se debe proporcionar un nombre a cada resultset informando el atributo 
        <code>resultSets</code> del mapped statement con una lista de nombres separados por comas.</p>

        <source><![CDATA[<select id="selectBlog" resultSets="blogs,posts" parameterType="int" resultMap="blogResult">
  {call getBlogsAndPosts(#{id,jdbcType=INTEGER,mode=IN})}
</select>]]></source>
        
        <p>Especificamos que la collection "posts" se rellenará con datos contenidos en el resultset llamado "posts":</p>

        <source><![CDATA[<resultMap id="blogResult" type="Blog">
  <id property="id" column="id" />
  <result property="title" column="title"/>
  <collection property="posts" ofType="Post" resultSet="posts" column="id" foreignColumn="blog_id">
    <id property="id" column="id"/>
    <result property="subject" column="subject"/>
    <result property="body" column="body"/>
  </collection>
</resultMap>]]></source>

        <p>
          <span class="label important">NOTA</span> No hay límite en profundidad, amplitud o combinaciones de las asociaciones y colecciones que mapees. Debes tener en cuenta el rendimiento cuando crees los mapeos. Las pruebas unitarias y de rendimiento de tu aplicación son de gran utilidad para conocer cuales el mejor enfoque para tu aplicación. La parte positiva es que MyBatis te permite cambiar de opinión más tarde, con muy poco (o ningún) cambio en tu código.
        </p>

        <p>El mapeo de asociaciones y colecciones es un tema denso. La documentación solo puede llevarte hasta aquí. Con un poco de práctica, todo se irá aclarando rápidamente.
        </p>

        <h4>discriminator</h4>

        <source><![CDATA[<discriminator javaType="int" column="draft">
  <case value="1" resultType="DraftPost"/>
</discriminator>]]></source>

        <p>En ocasiones una base de datos puede devolver resultados de muchos y distintos (y esperamos que relacionados) tipos de datos. El elemento discriminator fue diseñado para tratar esta situación, y otras como la jerarquías de herencia de clases. El discriminador es bastante fácil de comprender, dado que funciona muy parecido la sentencia switch de Java.
        </p>

        <p>Una definición de discriminator especifica los atributos column y javaType. Column indica de dónde debe MyBatis obtener el valor con el que comparar. El javaType es necesario para asegurar que se utiliza el tipo de comparación adecuada (aunque la comparación de Strings posiblemente funcione casi en todos los casos). Por ejemplo:
        </p>

        <source><![CDATA[<resultMap id="vehicleResult" type="Vehicle">
  <id property="id" column="id" />
  <result property="vin" column="vin"/>
  <result property="year" column="year"/>
  <result property="make" column="make"/>
  <result property="model" column="model"/>
  <result property="color" column="color"/>
  <discriminator javaType="int" column="vehicle_type">
    <case value="1" resultMap="carResult"/>
    <case value="2" resultMap="truckResult"/>
    <case value="3" resultMap="vanResult"/>
    <case value="4" resultMap="suvResult"/>
  </discriminator>
</resultMap>]]></source>

        <p>En este ejemplo, MyBatis obtendrá cada registro del ResultSet y comparará su valor vehicle_type. Si coincide con alguno de los casos del discriminador entonces usará el ResultMap especificado en cada caso. Esto se hace de forma exclusiva, es decir, el resto del ResultMap se ignora (a no ser que se extienda, de lo que hablaremos en un Segundo). Si no coincide ninguno de los casos MyBatis utilizará el resultmap definido fuera del bloque discriminator.  Por tanto si carResult ha sido declarado de la siguiente forma:
        </p>


        <source><![CDATA[<resultMap id="carResult" type="Car">
  <result property="doorCount" column="door_count" />
</resultMap>]]></source>

        <p>Entonces solo la propiedad doorCount se cargará. Esto se hace así para permitir grupos de discriminadores completamente independientes, incluso que no tengan ninguna relación con el ResultMap padre. En este caso sabemos que hay relación entre coches y vehículos, dado que un coche es-un vehículo. Por tanto queremos que el resto de propiedades se carguen también, así que con un simple cambio en el ResultMap habremos terminado.
        </p>

        <source><![CDATA[<resultMap id="carResult" type="Car" extends="vehicleResult">
  <result property="doorCount" column="door_count" />
</resultMap>]]></source>

        <p>Ahora, se cargarán todas las propiedades tanto de vehicleResult como de carResult.
        </p>

        <p>Nuevamente, hay quien puede pensar que la definición externa es tediosa. Por tanto hay una sintaxis alternativa para los que prefieran un estilo más conciso. Por ejemplo:
        </p>

        <source><![CDATA[<resultMap id="vehicleResult" type="Vehicle">
  <id property="id" column="id" />
  <result property="vin" column="vin"/>
  <result property="year" column="year"/>
  <result property="make" column="make"/>
  <result property="model" column="model"/>
  <result property="color" column="color"/>
  <discriminator javaType="int" column="vehicle_type">
    <case value="1" resultType="carResult">
      <result property="doorCount" column="door_count" />
    </case>
    <case value="2" resultType="truckResult">
      <result property="boxSize" column="box_size" />
      <result property="extendedCab" column="extended_cab" />
    </case>
    <case value="3" resultType="vanResult">
      <result property="powerSlidingDoor" column="power_sliding_door" />
    </case>
    <case value="4" resultType="suvResult">
      <result property="allWheelDrive" column="all_wheel_drive" />
    </case>
  </discriminator>
</resultMap>]]></source>

        <p>
          <span class="label important">NOTA</span> Recuerda que todos estos son ResultMaps, y que si no indicas ningún result en ellos, MyBatis mapeará automáticamente las columnas a las propiedades por ti. Así que en muchos casos estos ejemplos son más verbosos de lo que realmente debieran ser. Dicho esto, la mayoría de las bases de datos son bastante complejas y muchas veces no podemos depender de ello para todos los casos.
        </p>

      </subsection>
      <subsection name="Auto-mapeo">

        <p>
          Como ya has visto en las secciones previas, en los casos simples MyBatis puede auto-mapear los resultados por ti y en el resto de los casos 
          es posible que tengas que crear un result map. Pero, como verás en esta sección también puedes combinar ambas estrategias. 
          Veamos en detalle cómo funciona el auto-mapeo. 
        </p>

        <p>
          Al auto-mapear resultados MyBatis obtiene el nombre de columna y busca una propiedad con el mismo nombre sin tener en cuenta las mayúsculas. 
          Es decir, si se encuentra una columna <i>ID</i> y una propiedad <i>id</i>, MyBatis informará la propiedad <i>id</i> con el valor de la columna 
          <i>ID</i>. 
        </p>

        <p>
          Normalmente las columnas de base de datos se nombran usando mayúsculas y separando las palabras con un subrayado, mientras que las propiedades
          java se nombran habitualmente siguiendo la notación tipo camelcase. Para habilitar el auto-mapeo entre ellas informa el parámetro de configuración
          <code>mapUnderscoreToCamelCase</code> a true.
        </p>
        
        <p>
          El auto-mapeo funciona incluso cuando hay un result map específico. Cuando esto sucede, para cada result map, todas las columnas que están 
          presentes en el ResultSet y que no tienen un mapeo manual se auto-mapearán. Posteriormente se procesarán los mapeos manuales.
          En el siguiente ejemplo las columnas <i>id</i> y <i>userName</i> se auto-mapearán y la columna <i>hashed_password</i> se mapeará manualmente.</p>

        <source><![CDATA[<select id="selectUsers" parameterType="int" resultType="User">
  select
    user_id             as "id",
    user_name           as "userName",
    hashed_password
  from some_table
  where id = #{id}
</select>]]></source>

        <source><![CDATA[<resultMap id="userResultMap" type="User">
  <result property="password" column="hashed_password"/>
</resultMap>]]></source>

        <p>
          Hay tres niveles de auto-mapeo:
        </p>
        
        <ul>
          <li>
            <code>NONE</code> - desactiva el auto-mapeo. Solo las propiedades mapeadas manaulmente se informarán.
          </li>
          <li>
            <code>PARTIAL</code> - auto-mapea todos los resultados que no tienen un mapeo anidado definido en su interior (joins).
          </li>
          <li>
            <code>FULL</code> - lo auto-mapea todo.
          </li>
        </ul>

        <p>
          El valor por defecto es <code>PARTIAL</code>, y hay una razón para ello. Cuandos se utiliza <code>FULL</code> el auto-mapeo se 
          realiza cuando se están procesando resultados de joins y las joins obtienen datos de distintas entidades en la misma fila 
          por lo tanto podrían producirse mapeos automáticos indeseados. Para comprender el riesgo observa el siguiente ejemplo:
        </p>
        
        <source><![CDATA[<select id="selectBlog" parameterType="int" resultMap="blogResult">
  select
    B.id,
    B.title,
    A.username,
  from Blog B left outer join Author A on B.author_id = A.id
  where B.id = #{id}
</select>]]></source>

        <source><![CDATA[<resultMap id="blogResult" type="Blog">
  <association property="author" javaType="Author" resultMap="authorResult"/>
</resultMap>

<resultMap id="authorResult" type="Author">
  <result property="username" column="author_username"/>
</resultMap>]]></source>
        
        <p>
          Con este result map ambos <i>Blog</i> y <i>Author</i> se auto-mapearán. Pero fíjate que <i>Author</i> tiene un <i>id</i> y que hay una
          columna con nombre <i>id</i> en el ResultSet por lo que el id de Author se rellenará con el id de Blog, y eso no era lo que esperabas.
          Por tanto usa la opción <code>FULL</code> con cuidado.
        </p>
       
      </subsection>
      <subsection name="cache">
        <p>MyBatis incluye una funcionalidad de caché transaccional de segundo nivel muy potente que es ampliamente configurable y personalizable. Se han realizado muchos cambios en la caché de MyBatis 3 para hacer la a la vez más potente y más sencilla de configurar.
        </p>

        <p>
           Por defecto la única caché activa es la caché local de sesión que se utiliza únicamente durante la duración de una sesión.  
           Para habilitar la caché de segundo nivel global simplemente necesitas añadir una línea en tu fichero de mapping:
        </p>

        <source><![CDATA[<cache/>]]></source>

        <p>Eso es todo literalmente. El efecto de esta sencilla línea es el siguiente:
        </p>

        <ul>
          <li>Todos los resultados de las sentencias select en el mapped statement se cachearán.</li>
          <li>Todas las sentencias insert, update y delete del mapped statement vaciarán la caché.</li>
          <li>La caché usarán un algoritmo de reemplazo tipo Least Recently Used (LRU).</li>
          <li>La caché no se vaciará por tiempo (ej. no Flush Interval).</li>
          <li>La caché guardará 1024 referencias a listas u objetos (según lo que devuelva el statement).</li>
          <li>La caché puede tratarse como una cache de tipo lectura/escritura, lo cual significa que los objetos obtenidos no se comparten y pueden modificarse con seguridad por el llamante sin interferir en otras potenciales modificaciones realizadas por otros llamantes o hilos.</li>
        </ul>

        <p>Todas estas propiedades son modificables mediante atributos del elemento cache. Por ejemplo:
        </p>

        <source><![CDATA[<cache
  eviction="FIFO"
  flushInterval="60000"
  size="512"
  readOnly="true"/>]]></source>

        <p>Esta configuración más avanzada de caché crea una cache de tipo FIFO que se vacía cada 60 segundos, guarda hasta 512 referencias a objetos o listas, y los objetos devueltos son considerados de solo lectura, esto es, que modificarlos puede crear problemas en llamantes de otros hilos.
        </p>

        <p>Las políticas de reemplazo son las siguientes:
        </p>

        <ul>
          <li>
            <code>LRU</code> – Least Recently Used: Borra los objetos que llevan más tiempo sin ser usados.
          </li>
          <li><code>FIFO</code> – First In First Out: Borra los objetos en el mismo orden en el que entraron en la caché.</li>
          <li>
            <code>SOFT</code> – Soft Reference: Borra los objetos en base a las referencias Soft del Garbage Collector.
          </li>
          <li>
            <code>WEAK</code> – Weak Reference: Es más agresivo y borra objetos basándose en el estado del Garbage Collector y las referencias débiles.
          </li>
        </ul>

        <p>LRU es la política por defecto.</p>

        <p>El atributo flushInterval acepta un entero positivo y debería representar un lapso de tiempo razonable en milisegundos. No está activo por defecto, por tanto no hay intervalo de vaciado y la caché solo se vacía mediante llamadas a otros statements.
        </p>

        <p>El atributo size acepta un entero positivo, ten en cuenta el tamaño de los objetos que quieres cachear y la cantidad de memoria de la que dispone. Por defecto es 1024.
        </p>

        <p>El atributo readOnly puede informarse con true o false. Una caché de solo lectura devuelve la misma instancia de objeto a todos los llamantes. Por lo tanto estos objetos no deben modificarse. Por otro lado esto proporciona una mejora en el rendimiento. Una caché de tipo lectura-escritura devuelve una copia (vía serialización) del objeto cacheado. Esto es más lento, pero más seguro, y por ello el valor por defecto es false.
        </p>

        <p>
          <span class="label important">NOTA</span> La caché de segundo nivel es transaccional. Esto significa que solo es actualizada cuando 
          una sessión acaba con commit o cuando acaba con rollback pero no se ha ejecutado ninguna sentencia insert/delete/update 
          con el parámetro flushCache=true.
        </p>

        <h4>Como usar una caché personalizada</h4>

        <p>Además de poder personalizar la caché de las formas indicadas, puedes sustituir el sistema de caché por completo y proporcionar tu propia caché, o crear un adaptador para cachés de terceros. 
        </p>

        <source><![CDATA[<cache type="com.domain.something.MyCustomCache"/>]]></source>

        <p>Este ejemplo muestra cómo usar una caché personalizada. La clase especificada en el atributo type debe implementar el interfaz org.mybatis.cache.Cache y proporcionar un constructor que recibe como parámetro un String id. Este es uno de los interfaces más complejos de MyBatis pero su funcionalidad es simple.
        </p>

        <source><![CDATA[public interface Cache {
  String getId();
  int getSize();
  void putObject(Object key, Object value);
  Object getObject(Object key);
  boolean hasKey(Object key);
  Object removeObject(Object key);
  void clear();
  ReadWriteLock getReadWriteLock();
}]]></source>

        <p>Para configurar tu caché añade simplemente propiedades tipo JavaBean a tu implementación, y pasa las propiedades usando el elemento cache, por ejemplo el siguiente ejemplo llamará a un método “setCacheFile(String file)” en tu implementación de caché:
        </p>

        <source><![CDATA[<cache type="com.domain.something.MyCustomCache">
  <property name="cacheFile" value="/tmp/my-custom-cache.tmp"/>
</cache>]]></source>

        <p>Puedes utilizar propiedades JavaBean de cualquier tipo simple y MyBatis hará la conversión.</p>

        <p>Es importante recordar que la configuración de la caches y la instancia de caché está asociadas al namespace del fichero SQL Map. Y por tanto, a todas las sentencias del mismo namespace dado que la cache está asociada a él. Los statements pueden modificar cómo interactúan con la caché, o excluirse a sí mismos completamente utilizando dos atributos simples. Por defecto los statements están configurados así:
        </p>

        <source><![CDATA[<select ... flushCache="false" useCache="true"/>
<insert ... flushCache="true"/>
<update ... flushCache="true"/>
<delete ... flushCache="true"/>]]></source>

        <p>Dado que estos son los valores por defecto, no deberías nunca configurar un statement de esa forma. En cambio, utiliza los atributos flushCache y useCache si quieres modificar el valor por defecto. Por ejemplo en algunos casos quieres excluir los resultados de un caché particular de la caché, o quizá quieras que un statement de tipo select vacíe la caché. O de forma similar, puede que quieras que algunas update statements no la vacíen.
        </p>

          <h4>cache-ref</h4>
        <p>Recuerda que en la sección anterior se indicó que la caché de un namespace sería utilizada por statements del mismo namespace. Es posible que en alguna ocasión quieras compartir la misma configuración de caché e instancia entre statements de distintos namespaces. En estos casos puedes hacer referencia a otra caché usando el elemento cache-ref.
        </p>

        <source><![CDATA[<cache-ref namespace="com.someone.application.data.SomeMapper"/>]]></source>
      </subsection>
    </section>
  </body>
</document>
